angle,col_label,lam,n_seeds,col_switch,col_x,col_y,col_d,col2_x,col2_y,col2_d,inflow_rate_mean,inflow_rate_ci95,door_outflow_mean,door_outflow_ci95,door_rho_steady_mean,door_rho_steady_ci95,door_rho_peak_mean,door_rho_peak_ci95,corner_rho_mean,corner_rho_ci95,door_contact_p95_mean,door_contact_p95_ci95,door_contact_max_mean,door_contact_max_ci95,crush_frac_mean,crush_frac_ci95,casualties_mean,casualties_ci95,mean_n_mean,mean_n_ci95
0,ctrl,12.0,12,0,,,,,,,3.173,0.2971,1.7716,0.3046,7.0054,0.4667,9.0284,0.499,,0.0,289.625,30.839,513.2,18.2925,0.0454,0.005,32.23,3.9085,557.3,5.1305
0,gate,12.0,12,2,6.0,28.2,0.9,4.0,28.2,0.9,3.2143,0.1415,1.8482,0.1405,5.8683,0.1198,8.0739,0.3132,,0.0,349.15,44.0085,499.8583,23.1597,0.066,0.0061,27.485,1.9027,542.8667,3.0988
0,gate_close,12.0,12,2,6.0,28.8,0.8,4.0,28.8,0.8,3.4957,0.2685,2.1165,0.2694,6.2207,0.4044,8.1302,0.2333,,0.0,371.4917,23.0797,476.45,20.6447,0.0641,0.0038,30.9258,2.9136,544.5417,3.0802
0,gate_wide,12.0,12,2,6.25,28.2,0.9,3.75,28.2,0.9,3.3397,0.243,1.966,0.2433,6.0301,0.2113,8.1443,0.2705,,0.0,341.7833,52.4009,502.9083,23.1444,0.0612,0.0073,27.4425,2.1875,544.9083,2.5492
0,pillar_axis,12.0,12,1,5.0,28.5,0.9,,,,3.1277,0.2664,1.7293,0.2744,6.0847,0.3519,8.296,0.292,,0.0,303.9167,56.8498,494.85,28.9735,0.0538,0.0071,31.6267,3.9662,552.0833,3.1683
0,pillar_big,12.0,12,1,5.8,28.0,1.1,,,,3.1149,0.2732,1.7318,0.2698,6.3972,0.2034,8.6477,0.1401,,0.0,339.3667,48.9773,521.4667,31.3218,0.0551,0.0056,27.6083,3.5066,548.9083,3.0133
0,pillar_off,12.0,12,1,5.8,28.5,0.9,,,,3.5027,0.2394,2.1183,0.253,6.5456,0.4564,8.6381,0.1721,,0.0,311.275,47.2631,486.3083,20.9031,0.0509,0.0077,29.2483,4.649,549.7083,5.2311
0,pillar_off_far,12.0,12,1,5.8,27.8,0.9,,,,3.3935,0.42,1.9973,0.4252,6.5198,0.4834,8.8651,0.4529,,0.0,321.425,43.8692,502.975,29.4959,0.0455,0.0092,26.7608,3.7543,550.9583,6.5518
45,ctrl,12.0,12,0,,,,,,,3.4143,0.1986,2.042,0.2068,7.2975,0.3559,8.4166,0.2981,4.5992,0.1418,198.7833,12.9525,338.5,11.2289,0.0,0.0,22.0683,2.929,545.45,4.5531
45,gate,12.0,12,2,12.92,24.505,0.9,11.505,25.92,0.9,3.3817,0.1677,2.0465,0.1718,3.9683,0.2613,6.3919,0.2086,4.7618,0.2478,83.7167,15.4413,199.2917,21.2738,0.0,0.0,16.3675,3.1685,530.875,2.8117
45,gate_close,12.0,12,2,13.344,24.93,0.8,11.93,26.344,0.8,3.4852,0.1863,2.1402,0.1844,5.5628,0.338,7.3319,0.3714,4.7196,0.1612,186.15,21.3689,318.3,19.3713,0.0,0.0,15.3167,2.6048,533.5167,2.5202
45,gate_wide,12.0,12,2,13.096,24.329,0.9,11.329,26.096,0.9,3.3345,0.2365,2.0008,0.2385,4.4019,0.3457,6.5106,0.2186,4.6917,0.1806,107.7333,17.0628,245.7,27.8486,0.0,0.0,14.7575,2.1576,530.4333,2.7641
45,pillar_axis,12.0,12,1,12.425,25.425,0.9,,,,3.1284,0.2015,1.7602,0.2088,5.7197,0.4666,7.3024,0.4915,4.7064,0.1532,163.4417,13.0136,289.9583,19.8866,0.0,0.0,20.1592,4.1551,540.725,4.3379
45,pillar_big,12.0,12,1,12.637,24.505,1.1,,,,3.2069,0.1857,1.8551,0.1899,5.4662,0.4569,7.4254,0.3663,4.6667,0.1569,177.975,10.0596,314.7833,15.0906,0.0,0.0,14.8817,2.0248,538.3583,3.1682
45,pillar_off,12.0,12,1,12.99,24.859,0.9,,,,3.3216,0.2758,1.9597,0.2866,6.0149,0.5521,7.7358,0.4083,4.5253,0.1105,188.1417,11.2644,318.875,20.8563,0.0,0.0,16.2967,3.8379,538.4583,3.7802
45,pillar_off_far,12.0,12,1,12.495,24.364,0.9,,,,3.1439,0.2299,1.7743,0.2354,5.8915,0.7231,7.5057,0.4655,4.852,0.2132,179.125,14.734,310.1417,20.4159,0.0,0.0,16.55,3.2538,540.325,3.9526
60,ctrl,12.0,12,0,,,,,,,3.118,0.2642,1.7388,0.2671,7.3672,0.2715,9.1308,0.3336,4.8351,0.0852,241.45,15.0995,480.075,34.0656,0.0216,0.0064,17.8033,1.9375,544.0417,3.3887
60,gate,12.0,12,2,14.333,22.234,0.9,13.333,23.966,0.9,3.3784,0.1762,2.0479,0.1788,6.2987,0.2244,8.8422,0.0979,4.7221,0.0584,140.15,15.6869,430.475,34.2554,0.0314,0.0058,9.5658,1.8091,527.3667,2.2639
60,gate_close,12.0,12,2,14.853,22.534,0.8,13.853,24.266,0.8,3.5166,0.1801,2.1823,0.1857,6.5994,0.4332,8.872,0.2685,4.796,0.0774,234.6167,30.5866,469.5333,22.4643,0.0354,0.0057,12.7792,1.9572,529.5583,2.9548
60,gate_wide,12.0,12,2,14.458,22.017,0.9,13.208,24.183,0.9,3.5616,0.2971,2.2455,0.3019,6.0162,0.5546,8.5508,0.5069,4.7208,0.0781,171.95,29.9338,420.2417,43.2865,0.0248,0.0087,7.4958,1.8125,523.4833,5.434
60,pillar_axis,12.0,12,1,14.093,23.25,0.9,,,,3.0973,0.1944,1.7417,0.1976,6.6315,0.3651,9.1462,0.2843,4.8852,0.1823,206.7833,29.3215,465.8833,52.8482,0.0279,0.009,11.8842,1.8338,537.7333,2.3948
60,pillar_big,12.0,12,1,14.06,22.307,1.1,,,,3.3845,0.213,2.0437,0.2232,6.6949,0.0639,9.0267,0.062,4.736,0.0743,209.9167,30.5434,482.7917,24.3471,0.032,0.0044,8.4317,2.0175,531.3833,4.115
60,pillar_off,12.0,12,1,14.493,22.557,0.9,,,,3.5751,0.3328,2.2439,0.3471,6.6099,0.525,8.6216,0.4184,4.6863,0.0938,225.2833,30.2886,460.425,37.9639,0.0268,0.0084,10.1083,2.8001,529.3917,6.8428
60,pillar_off_far,12.0,12,1,13.887,22.207,0.9,,,,3.6281,0.3713,2.2766,0.382,5.8755,0.5625,8.8318,0.3953,4.7191,0.0938,194.575,11.2037,465.6,31.9866,0.0185,0.006,7.1417,2.5429,528.3083,6.2785
90,ctrl,12.0,12,0,,,,,,,3.1975,0.2906,1.8681,0.3008,7.1211,0.43,8.8826,0.4152,4.5116,0.0968,301.4583,25.1853,548.6917,38.1174,0.0406,0.0065,9.8775,1.4723,528.3167,4.5113
90,gate,12.0,12,2,15.2,17.0,0.9,15.2,19.0,0.9,3.4592,0.194,2.1778,0.1977,5.9711,0.0597,8.4769,0.1952,4.4997,0.1001,383.8083,10.9402,510.375,26.7046,0.0656,0.0027,3.2667,1.109,510.9333,3.874
90,gate_close,12.0,12,2,15.8,17.0,0.8,15.8,19.0,0.8,3.4742,0.1519,2.184,0.1542,6.54,0.6268,8.4378,0.3897,4.5912,0.0671,330.4083,31.053,494.9167,28.6741,0.057,0.0071,5.6717,0.981,515.65,3.6049
90,gate_wide,12.0,12,2,15.2,16.75,0.9,15.2,19.25,0.9,3.4941,0.1526,2.2098,0.1577,6.0207,0.3861,8.3893,0.3171,4.483,0.0618,320.925,45.4353,477.5583,39.0636,0.0572,0.0116,4.5108,1.0991,510.975,2.6766
90,pillar_axis,12.0,12,1,15.5,18.0,0.9,,,,3.1657,0.1679,1.8355,0.169,6.3653,0.297,8.7193,0.4842,4.6291,0.1203,352.6,38.4893,525.525,41.6536,0.0531,0.0067,6.3267,1.9487,522.9583,3.3297
90,pillar_big,12.0,12,1,15.0,17.2,1.1,,,,3.3348,0.289,2.0325,0.2948,6.1126,0.2349,8.4253,0.2246,4.4513,0.076,349.975,58.2472,532.1167,43.9088,0.0501,0.0064,3.8,0.8193,518.0667,4.0262
90,pillar_off,12.0,12,1,15.5,17.2,0.9,,,,3.2457,0.1639,1.9444,0.1662,6.3421,0.3896,8.6245,0.1426,4.5221,0.1184,373.7333,30.9842,540.4583,30.0369,0.0553,0.0047,5.1442,1.3594,520.9917,1.7123
90,pillar_off_far,12.0,12,1,14.8,17.2,0.9,,,,3.4857,0.3329,2.1784,0.3362,6.1214,0.2255,8.7542,0.166,4.4202,0.0978,332.1417,38.3744,530.125,21.4742,0.0505,0.0052,3.285,0.7687,515.0917,5.7536
120,ctrl,12.0,12,0,,,,,,,3.5847,0.2007,2.3387,0.2164,6.6316,0.4367,8.7947,0.404,4.3257,0.0804,239.9583,7.5455,528.9333,30.8563,0.0272,0.0004,2.6708,0.33,498.7667,5.4399
120,gate,12.0,12,2,13.333,12.034,0.9,14.333,13.766,0.9,4.0406,0.2447,2.8352,0.2474,5.972,0.3349,8.7521,0.1192,4.2058,0.0585,167.0333,47.4942,461.975,49.4045,0.0334,0.0084,2.1258,0.2443,477.8833,4.0014
120,gate_close,12.0,12,2,13.853,11.734,0.8,14.853,13.466,0.8,4.0588,0.2386,2.8377,0.2429,5.5259,0.6026,8.5375,0.3273,4.38,0.0564,199.9833,20.1278,475.7833,43.3332,0.0249,0.0066,2.1383,0.3712,483.2333,5.1387
120,gate_wide,12.0,12,2,13.208,11.817,0.9,14.458,13.983,0.9,4.3579,0.4293,3.1792,0.4682,6.0053,0.4108,8.5448,0.4338,4.2076,0.1449,164.8333,41.3596,452.7167,53.7629,0.0333,0.0087,1.875,0.2461,462.2167,28.7401
120,pillar_axis,12.0,12,1,14.093,12.75,0.9,,,,3.6278,0.2259,2.3859,0.2267,6.2192,0.414,8.9714,0.0827,4.3957,0.0733,201.3333,25.7913,523.9917,34.7679,0.0322,0.0048,2.1725,0.3233,494.7,3.5915
120,pillar_big,12.0,12,1,13.26,12.307,1.1,,,,3.8826,0.2064,2.6504,0.2078,6.4945,0.2005,8.8703,0.1988,4.3315,0.0556,196.1667,27.6151,509.125,25.3841,0.0324,0.0048,2.1067,0.1866,487.925,3.039
120,pillar_off,12.0,12,1,13.693,12.057,0.9,,,,3.9982,0.2196,2.7687,0.2217,6.5438,0.1095,8.9505,0.0821,4.35,0.0617,201.8583,10.9589,466.05,51.1348,0.0258,0.0068,2.0667,0.1695,488.6667,2.8672
120,pillar_off_far,12.0,12,1,13.087,12.407,0.9,,,,3.7443,0.3079,2.5117,0.3119,6.5122,0.4969,8.7928,0.4408,4.3176,0.0736,178.1,11.3148,489.775,50.0594,0.0236,0.0063,2.1242,0.3594,491.55,5.1269
135,ctrl,12.0,12,0,,,,,,,3.6855,0.2276,2.54,0.2343,4.4467,0.1169,6.676,0.1628,4.2113,0.0816,167.7167,5.2285,277.9,10.8755,0.0,0.0,2.0083,0.2295,455.0667,6.1919
135,gate,12.0,12,2,11.505,10.08,0.9,12.92,11.495,0.9,4.1593,0.1489,3.0681,0.1488,3.7758,0.0841,6.1244,0.1332,4.1072,0.0601,81.7833,4.7805,190.55,9.2574,0.0,0.0,2.0833,0.1633,435.8833,2.6387
135,gate_close,12.0,12,2,11.93,9.656,0.8,13.344,11.07,0.8,4.4469,0.3174,3.3547,0.334,3.9617,0.2385,6.2743,0.206,4.0551,0.0657,135.4,12.1215,258.9917,8.9957,0.0,0.0,1.7817,0.2142,430.6667,10.1307
135,gate_wide,12.0,12,2,11.329,9.904,0.9,13.096,11.671,0.9,4.1658,0.1857,3.0781,0.1864,3.8665,0.1529,6.3018,0.1147,4.1167,0.0674,92.5333,4.7648,201.65,11.6628,0.0,0.0,2.0775,0.1648,436.2917,3.8284
135,pillar_axis,12.0,12,1,12.425,10.575,0.9,,,,3.7492,0.2227,2.6193,0.2261,4.1727,0.2119,6.6035,0.1405,4.2273,0.0944,126.0417,4.5683,238.65,9.9947,0.0,0.0,2.2358,0.2498,449.9333,3.1179
135,pillar_big,12.0,12,1,11.505,10.363,1.1,,,,4.3257,0.3373,3.2233,0.3404,4.3097,0.1985,6.4559,0.1528,4.0599,0.0762,120.7583,7.3155,233.55,15.4351,0.0,0.0,2.0083,0.2096,436.1917,6.5827
135,pillar_off,12.0,12,1,11.859,10.01,0.9,,,,4.183,0.3614,3.064,0.3622,4.0664,0.1611,6.4457,0.1305,4.0963,0.1039,133.7417,6.3679,246.5167,15.6713,0.0,0.0,1.9208,0.1352,441.15,9.012
135,pillar_off_far,12.0,12,1,11.364,10.505,0.9,,,,4.2547,0.3124,3.133,0.316,4.2165,0.2098,6.4559,0.0469,4.1238,0.0719,123.6167,4.7253,238.0,15.4272,0.0,0.0,2.1225,0.2087,440.6917,9.1105
