v0,seed,T_evac,J,J_over_v0,N_exited,N_injured,N_stuck,cleared,wall_s
0.2,9,400.0,0.26,1.3,104,0,96,0,4.02
0.2,2,400.0,0.27,1.35,108,0,92,0,4.04
0.2,11,400.0,0.27,1.35,108,0,92,0,4.03
0.2,4,400.0,0.2725,1.3625,109,0,91,0,4.04
0.2,13,400.0,0.27,1.35,108,0,92,0,4.06
0.2,10,400.0,0.255,1.275,102,0,98,0,4.06
0.2,6,400.0,0.27,1.35,108,0,92,0,4.07
0.2,5,400.0,0.27,1.35,108,0,92,0,4.09
0.2,14,400.0,0.265,1.325,106,0,94,0,4.08
0.2,7,400.0,0.2625,1.3125,105,0,95,0,4.09
0.2,8,400.0,0.2675,1.3375,107,0,93,0,4.1
0.2,0,400.0,0.2675,1.3375,107,0,93,0,4.12
0.2,15,400.0,0.26,1.3,104,0,96,0,4.12
0.2,1,400.0,0.2575,1.2874999999999999,103,0,97,0,4.18
0.2,3,400.0,0.255,1.275,102,0,98,0,4.18
0.2,12,400.0,0.2625,1.3125,105,0,95,0,4.21
0.4,2,400.0,0.46,1.15,184,0,16,0,2.98
0.4,4,400.0,0.4725,1.18125,189,0,11,0,3.02
0.4,7,400.0,0.4675,1.16875,187,0,13,0,3.0
0.4,6,400.0,0.4675,1.16875,187,0,13,0,3.01
0.4,0,400.0,0.465,1.1625,186,0,14,0,3.09
0.4,10,400.0,0.4575,1.14375,183,0,17,0,3.01
0.4,1,400.0,0.4525,1.1312499999999999,181,0,19,0,3.13
0.4,9,400.0,0.4675,1.16875,187,0,13,0,3.03
0.4,11,400.0,0.4675,1.16875,187,0,13,0,2.99
0.4,8,400.0,0.4675,1.16875,187,0,13,0,3.12
0.4,3,400.0,0.47,1.1749999999999998,188,0,12,0,3.17
0.4,5,400.0,0.455,1.1375,182,0,18,0,3.41
0.2,17,400.0,0.2675,1.3375,107,0,93,0,4.11
0.2,19,400.0,0.2625,1.3125,105,0,95,0,4.12
0.2,16,400.0,0.2575,1.2874999999999999,103,0,97,0,4.19
0.2,18,400.0,0.255,1.275,102,0,98,0,4.27
0.4,14,400.0,0.47,1.1749999999999998,188,0,12,0,3.04
0.4,17,400.0,0.46,1.15,184,0,16,0,2.99
0.4,13,400.0,0.47,1.1749999999999998,188,0,12,0,3.1
0.4,12,400.0,0.4675,1.16875,187,0,13,0,3.15
0.6,0,326.488,0.6125799416823896,1.0209665694706493,200,0,0,1,3.01
0.4,19,400.0,0.4675,1.16875,187,0,13,0,3.03
0.4,15,400.0,0.475,1.1874999999999998,190,0,10,0,3.12
0.4,18,400.0,0.4675,1.16875,187,0,13,0,3.12
0.6,1,322.7939393939394,0.6133944161769399,1.0223240269615665,198,0,2,0,3.07
0.4,16,400.0,0.45,1.125,180,0,20,0,3.2
0.6,2,306.50707070707074,0.6459883602138135,1.0766472670230225,198,0,2,0,3.1
0.6,3,344.159,0.5811267466490779,0.9685445777484633,200,0,0,1,3.06
0.6,4,319.192,0.6265821198526279,1.0443035330877133,200,0,0,1,2.95
0.6,6,296.1828282828283,0.6685060074142029,1.1141766790236716,198,0,2,0,3.02
0.6,7,322.24747474747477,0.6144346054384452,1.024057675730742,198,0,2,0,3.0
0.6,5,314.1131313131313,0.6303461404885328,1.0505769008142214,198,0,2,0,3.15
0.6,11,305.49494949494954,0.6481285544240178,1.080214257373363,198,0,2,0,2.93
0.6,8,289.54545454545456,0.6838304552590266,1.139717425431711,198,0,2,0,3.08
0.6,12,311.104,0.6428718370705616,1.0714530617842695,200,0,0,1,3.02
0.6,9,308.0727272727273,0.6427053824362605,1.0711756373937675,198,0,2,0,3.11
0.6,14,331.426,0.6034529578246728,1.0057549297077881,200,0,0,1,3.07
0.6,13,303.77171717171717,0.651805249822102,1.0863420830368367,198,0,2,0,3.09
0.6,17,292.32121212121217,0.6773370928617336,1.128895154769556,198,0,2,0,3.02
0.6,10,307.8424242424243,0.6431862030948536,1.0719770051580895,198,0,2,0,3.21
0.6,15,311.598,0.6418526434701121,1.0697544057835202,200,0,0,1,3.13
0.6,18,331.548,0.603230904725711,1.0053848412095183,200,0,0,1,3.16
0.6,16,320.7929292929293,0.6172205866146071,1.0287009776910119,198,0,2,0,3.22
0.6,19,315.8484848484849,0.6268828552240238,1.0448047587067064,198,0,2,0,3.08
0.8,0,215.34545454545457,0.9194528875379938,1.1493161094224922,198,0,2,0,3.36
0.8,1,263.115,0.7601239001957318,0.9501548752446648,200,0,0,1,3.38
0.8,2,244.21,0.8189672822570738,1.0237091028213423,200,0,0,1,3.35
0.8,3,222.402,0.8992724885567577,1.124090610695947,200,0,0,1,3.43
0.8,4,231.16,0.8652015919709293,1.0815019899636615,200,0,0,1,3.28
0.8,9,219.334,0.91185133175887,1.1398141646985875,200,0,0,1,3.37
0.8,8,225.082,0.8885650562905963,1.1107063203632455,200,0,0,1,3.43
0.8,6,321.148,0.6227658275935083,0.7784572844918853,200,0,0,1,3.5
0.8,5,235.818,0.8481116793459362,1.0601395991824203,200,0,0,1,3.55
0.8,7,224.258,0.8918299458659222,1.1147874323324027,200,0,0,1,3.51
0.8,11,233.311,0.8572249058124134,1.0715311322655168,200,0,0,1,3.38
0.8,10,238.837,0.8373911914820569,1.046738989352571,200,0,0,1,3.43
0.8,12,223.935,0.893116306070958,1.1163953825886974,200,0,0,1,3.36
0.8,14,257.064,0.7780163694644134,0.9725204618305168,200,0,0,1,3.37
0.8,13,226.33535353535356,0.8748080973972651,1.0935101217465812,198,0,2,0,3.4
0.8,15,232.161,0.8614711342559689,1.076838917819961,200,0,0,1,3.6
0.8,18,233.448,0.8567218395531339,1.0709022994414172,200,0,0,1,3.35
0.8,17,216.395,0.9242357725455763,1.1552947156819704,200,0,0,1,3.42
0.8,16,222.25050505050507,0.8908866144308906,1.1136082680386132,198,0,2,0,3.68
0.8,19,232.688,0.8595200440074263,1.074400055009283,200,0,0,1,3.63
1.0,0,177.381,1.127516475834503,1.127516475834503,200,0,0,1,3.56
1.0,4,175.167,1.1417675703756986,1.1417675703756986,200,0,0,1,3.5
1.0,2,195.219,1.024490444065383,1.024490444065383,200,0,0,1,3.6
1.0,1,169.147,1.1824034715365925,1.1824034715365925,200,0,0,1,3.68
1.0,10,178.877,1.1180867299876451,1.1180867299876451,200,0,0,1,3.48
1.0,3,174.863,1.143752537700943,1.143752537700943,200,0,0,1,3.66
1.0,5,175.046,1.1425568136375581,1.1425568136375581,200,0,0,1,3.61
1.0,7,183.854,1.0878196830093443,1.0878196830093443,200,0,0,1,3.69
1.0,8,181.451,1.1022259452965264,1.1022259452965264,200,0,0,1,3.69
1.0,6,176.001,1.136357179788751,1.136357179788751,200,0,0,1,3.71
1.0,9,180.836,1.1059744741091375,1.1059744741091375,200,0,0,1,3.67
1.0,11,174.461,1.1463880179524362,1.1463880179524362,200,0,0,1,3.44
1.0,12,186.474,1.072535581367912,1.072535581367912,200,0,0,1,3.46
1.0,13,188.158,1.0629364682872906,1.0629364682872906,200,0,0,1,3.62
1.0,14,189.062,1.0578540372999332,1.0578540372999332,200,0,0,1,3.67
1.0,15,179.636,1.1133625776570397,1.1133625776570397,200,0,0,1,3.7
1.0,16,195.843,1.0212261862818688,1.0212261862818688,200,0,0,1,3.53
1.0,17,178.882,1.118055477912814,1.118055477912814,200,0,0,1,3.47
1.2,1,144.581,1.383307626866601,1.1527563557221674,200,0,0,1,3.42
1.0,18,176.557,1.1327786493880163,1.1327786493880163,200,0,0,1,3.55
1.2,0,147.24,1.3583265417006247,1.1319387847505207,200,0,0,1,3.5
1.2,2,161.097,1.241488047573822,1.034573372978185,200,0,0,1,3.5
1.2,4,150.318,1.330512646522705,1.108760538768921,200,0,0,1,3.42
1.2,5,151.46,1.3204806549584047,1.1004005457986707,200,0,0,1,3.52
1.0,19,186.697,1.0712544925735281,1.0712544925735281,200,0,0,1,3.7
1.2,6,155.155,1.2890335470980632,1.0741946225817194,200,0,0,1,3.57
1.2,3,154.98,1.2904890953671442,1.0754075794726201,200,0,0,1,3.75
1.2,7,155.106,1.2894407695382513,1.0745339746152094,200,0,0,1,3.62
1.2,9,164.047,1.219162800904619,1.015969000753849,200,0,0,1,3.44
1.2,8,151.692,1.3184610922131688,1.0987175768443074,200,0,0,1,3.7
1.2,10,149.401,1.3386791253070593,1.1155659377558829,200,0,0,1,3.44
1.2,11,156.069,1.2814844716119154,1.067903726343263,200,0,0,1,3.56
1.2,12,150.629,1.327765569711012,1.1064713080925102,200,0,0,1,3.65
1.2,13,150.479,1.329089108779298,1.1075742573160816,200,0,0,1,3.63
1.2,14,148.905,1.3431382425036096,1.119281868753008,200,0,0,1,3.59
1.2,17,150.976,1.32471386180585,1.1039282181715417,200,0,0,1,3.51
1.5,0,125.759,1.5903434346647158,1.060228956443144,200,0,0,1,3.35
1.2,18,159.223,1.2560999353108533,1.0467499460923777,200,0,0,1,3.54
1.2,15,149.04,1.3419216317767042,1.1182680264805869,200,0,0,1,3.6
1.2,19,148.924,1.342966882436679,1.1191390686972325,200,0,0,1,3.54
1.2,16,171.99,1.1628583057154485,0.9690485880962071,200,0,0,1,3.77
1.5,2,136.879,1.4611445144982065,0.9740963429988043,200,0,0,1,3.68
1.5,1,137.882,1.4505156583165315,0.9670104388776877,200,0,0,1,3.91
1.5,3,141.702,1.411412682954369,0.940941788636246,200,0,0,1,4.18
1.5,4,126.267,1.5839451321406226,1.0559634214270817,200,0,0,1,3.52
1.5,5,131.578,1.5200109440787974,1.0133406293858649,200,0,0,1,3.51
1.5,6,132.222,1.512607584214427,1.0084050561429514,200,0,0,1,3.67
1.5,7,133.757,1.4952488467893268,0.9968325645262178,200,0,0,1,3.7
1.5,8,127.309,1.5709808418886333,1.0473205612590888,200,0,0,1,3.54
1.5,10,124.276,1.6093211883227656,1.072880792215177,200,0,0,1,3.35
1.5,12,122.976,1.6263335935467083,1.0842223956978054,200,0,0,1,3.39
1.5,9,125.612,1.5922045664426967,1.0614697109617979,200,0,0,1,3.47
1.5,11,127.448,1.5692674659468961,1.046178310631264,200,0,0,1,3.5
1.5,14,128.21,1.5599407222525543,1.039960481501703,200,0,0,1,3.64
1.5,16,130.869,1.5282458030549633,1.0188305353699756,200,0,0,1,3.55
1.5,15,136.355,1.4667595614388913,0.9778397076259275,200,0,0,1,3.74
1.5,17,123.013,1.625844422947168,1.0838962819647786,200,0,0,1,3.42
1.5,18,125.487,1.5937905918541364,1.0625270612360909,200,0,0,1,3.32
1.5,13,140.368,1.4248261712071129,0.9498841141380753,200,0,0,1,3.97
1.5,19,132.16,1.513317191283293,1.0088781275221954,200,0,0,1,3.62
2.0,0,110.445,1.8108560822128663,0.9054280411064332,200,0,0,1,3.59
2.0,1,121.902,1.6406621712523175,0.8203310856261588,200,0,0,1,3.88
2.0,2,122.672,1.63036389722186,0.81518194861093,200,0,0,1,3.96
2.0,3,126.872,1.5763919540954663,0.7881959770477331,200,0,0,1,4.03
2.0,4,121.423,1.6471343979311992,0.8235671989655996,200,0,0,1,3.77
2.0,6,121.764,1.642521599159029,0.8212607995795145,200,0,0,1,3.68
2.0,9,116.015,1.7239150109899581,0.8619575054949791,200,0,0,1,3.77
2.0,10,122.148,1.6373579591970397,0.8186789795985199,200,0,0,1,3.79
2.0,7,130.472,1.532895947023116,0.766447973511558,200,0,0,1,4.34
2.0,5,129.455,1.544938395581476,0.772469197790738,200,0,0,1,4.43
2.0,11,129.057,1.5497028444795713,0.7748514222397856,200,0,0,1,3.98
2.0,12,129.13,1.5488267637264772,0.7744133818632386,200,0,0,1,4.03
2.0,8,131.298,1.5232524486283112,0.7616262243141556,200,0,0,1,4.46
2.0,14,123.79,1.6156393892883107,0.8078196946441554,200,0,0,1,3.98
2.0,13,123.889,1.6143483279387194,0.8071741639693597,200,0,0,1,4.11
2.0,16,127.289,1.5712276787467887,0.7856138393733944,200,0,0,1,4.07
2.0,17,127.776,1.5652391685449538,0.7826195842724769,200,0,0,1,3.75
2.0,15,131.988,1.515289268721399,0.7576446343606995,200,0,0,1,4.35
2.0,18,118.219,1.6917754337289268,0.8458877168644634,200,0,0,1,3.88
2.0,19,121.612,1.6445745485642864,0.8222872742821432,200,0,0,1,3.83
2.5,0,120.204,1.6638381418255632,0.6655352567302253,200,0,0,1,3.99
2.5,6,113.64,1.7599436818021823,0.703977472720873,200,0,0,1,4.0
2.5,1,128.062,1.5617435304774248,0.6246974121909699,200,0,0,1,4.82
2.5,4,129.711,1.5418892769310235,0.6167557107724094,200,0,0,1,4.28
2.5,2,135.965,1.4709667929246497,0.5883867171698599,200,0,0,1,4.66
2.5,3,129.79,1.5409507666230065,0.6163803066492026,200,0,0,1,4.56
2.5,5,126.424,1.5819781054230209,0.6327912421692083,200,0,0,1,4.38
2.5,10,121.097,1.6515685772562492,0.6606274309024996,200,0,0,1,4.29
2.5,9,129.967,1.5388521701662727,0.6155408680665091,200,0,0,1,4.65
2.5,7,131.965,1.515553366422915,0.606221346569166,200,0,0,1,4.81
2.5,8,135.206,1.4792242947798175,0.591689717911927,200,0,0,1,4.83
2.5,11,123.422,1.6204566446824715,0.6481826578729886,200,0,0,1,4.34
2.5,14,116.475,1.7171066752522002,0.6868426701008801,200,0,0,1,4.13
2.5,12,132.935,1.5044946778500772,0.6017978711400309,200,0,0,1,4.78
2.5,15,125.348,1.5955579666209274,0.638223186648371,200,0,0,1,4.42
2.5,13,135.588,1.475056789686403,0.5900227158745612,200,0,0,1,5.14
2.5,16,129.002,1.5503635602548798,0.620145424101952,200,0,0,1,4.63
2.5,17,123.091,1.624814161880235,0.649925664752094,200,0,0,1,4.01
2.5,18,135.108,1.4802972436865323,0.5921188974746129,200,0,0,1,4.42
2.5,19,130.095,1.5373380990814405,0.6149352396325762,200,0,0,1,4.54
3.0,0,124.336,1.608544588856003,0.5361815296186677,200,0,0,1,4.76
3.0,3,134.368,1.4884496308644917,0.49614987695483054,200,0,0,1,5.02
3.0,2,143.518,1.3935534218704273,0.4645178072901424,200,0,0,1,5.3
3.0,4,136.204,1.4683856568089042,0.48946188560296805,200,0,0,1,5.03
3.0,1,148.819,1.3439144195297645,0.4479714731765882,200,0,0,1,5.9
3.0,6,140.478,1.423710474237959,0.4745701580793196,200,0,0,1,5.26
3.0,7,137.524,1.4542916145545504,0.48476387151818345,200,0,0,1,5.2
3.0,5,146.721,1.3631313854185836,0.4543771284728612,200,0,0,1,5.84
3.0,8,140.866,1.4197890193517242,0.47326300645057473,200,0,0,1,5.37
3.0,10,135.964,1.4709776117207496,0.4903258705735832,200,0,0,1,5.07
3.0,11,139.219,1.4365855235276794,0.47886184117589314,200,0,0,1,5.23
3.0,9,146.293,1.3671194110449576,0.4557064703483192,200,0,0,1,5.8
3.0,12,132.881,1.5051060723504488,0.5017020241168163,200,0,0,1,4.82
3.0,13,125.36,1.595405232929164,0.5318017443097213,200,0,0,1,4.73
3.0,15,134.895,1.4826346417584046,0.49421154725280153,200,0,0,1,5.2
3.0,14,141.93,1.4091453533431972,0.4697151177810657,200,0,0,1,5.6
3.0,18,128.241,1.55956363409518,0.5198545446983933,200,0,0,1,4.57
3.0,17,138.736,1.4415868988582632,0.4805289662860877,200,0,0,1,5.02
3.0,16,146.63,1.3639773579758576,0.45465911932528585,200,0,0,1,5.52
3.5,0,123.607,1.6180313412670804,0.46229466893345156,200,0,0,1,4.8
3.5,1,128.656,1.5545330182813082,0.4441522909375166,200,0,0,1,4.9
3.0,19,148.687,1.3451075077175543,0.44836916923918474,200,0,0,1,5.78
3.5,2,146.255,1.3674746162524358,0.3907070332149817,200,0,0,1,5.56
3.5,4,135.304,1.47815290013599,0.42232940003885433,200,0,0,1,5.12
3.5,3,145.579,1.3738245213938822,0.3925212918268235,200,0,0,1,5.49
3.5,7,138.844,1.440465558468497,0.4115615881338563,200,0,0,1,5.45
3.5,5,152.461,1.3118108893421923,0.3748031112406264,200,0,0,1,6.06
3.5,6,151.038,1.3241700764046134,0.37833430754417524,200,0,0,1,5.95
3.5,9,141.223,1.4161999107794054,0.404628545936973,200,0,0,1,5.39
3.5,8,154.927,1.2909305672994378,0.3688373049426965,200,0,0,1,6.22
3.5,11,150.548,1.3284799532375056,0.3795657009250016,200,0,0,1,5.73
3.5,12,152.094,1.3149762646784227,0.37570750419383503,200,0,0,1,5.88
3.5,13,144.647,1.382676446798067,0.39505041337087626,200,0,0,1,5.62
3.5,14,146.602,1.3642378685147543,0.38978224814707263,200,0,0,1,5.9
3.5,10,164.17,1.218249375647195,0.34807125018491286,200,0,0,1,6.57
3.5,15,139.40804020100504,1.4274642962706634,0.4078469417916181,199,1,0,0,5.69
3.5,17,143.908,1.3897768018456238,0.3970790862416068,200,0,0,1,5.51
3.5,16,161.783,1.2362238306867843,0.35320680876765265,200,0,0,1,6.46
3.5,18,152.001,1.3157808172314656,0.3759373763518473,200,0,0,1,5.5
3.5,19,142.44,1.4040999719180005,0.40117142054800015,200,0,0,1,5.62
4.0,0,138.207,1.4471047052609491,0.3617761763152373,200,0,0,1,5.69
4.0,2,137.30954773869345,1.4492801358482834,0.36232003396207085,199,1,0,0,5.42
4.0,4,138.239,1.4467697248967368,0.3616924312241842,200,0,0,1,5.21
4.0,3,150.032,1.3330489495574276,0.3332622373893569,200,0,0,1,6.04
4.0,5,151.494,1.3201842977279628,0.3300460744319907,200,0,0,1,5.9
4.0,1,209.11758793969847,0.951617709254489,0.23790442731362224,199,1,0,0,8.3
4.0,10,129.306,1.54671863641285,0.3866796591032125,200,0,0,1,4.97
4.0,6,146.07,1.3692065448072843,0.3423016362018211,200,0,0,1,5.76
4.0,7,142.399,1.4045042451140808,0.3511260612785202,200,0,0,1,5.8
4.0,8,140.476,1.4237307440416869,0.3559326860104217,200,0,0,1,5.85
4.0,11,152.641,1.310263952673266,0.3275659881683165,200,0,0,1,6.03
4.0,15,128.7173469387755,1.5227162823145162,0.38067907057862904,196,3,1,0,5.07
4.0,14,143.927,1.389593335510363,0.3473983338775907,200,0,0,1,5.37
4.0,12,152.658,1.3101180416355516,0.3275295104088879,200,0,0,1,5.99
4.0,9,164.053,1.2191182117974069,0.3047795529493517,200,0,0,1,6.76
4.0,13,154.5045685279188,1.2750432034273622,0.31876080085684055,197,1,2,0,6.17
4.0,16,160.79497487437186,1.237600865048659,0.30940021626216474,199,1,0,0,5.85
4.0,17,166.83,1.1988251513516752,0.2997062878379188,200,0,0,1,6.46
4.0,19,156.435,1.2784862722536516,0.3196215680634129,200,0,0,1,6.14
4.5,1,117.29641025641025,1.6624549683466825,0.3694344374103739,195,4,1,0,4.75
4.0,18,167.622,1.1931608022813234,0.29829020057033084,200,0,0,1,6.84
4.5,0,137.066,1.4591510659098537,0.32425579242441194,200,0,0,1,5.51
4.5,4,139.61717171717174,1.4181636654343404,0.3151474812076312,198,2,0,0,5.9
4.5,2,160.51111111111112,1.23355946282708,0.27412432507268447,198,2,0,0,6.29
4.5,10,113.73197969543146,1.7321425383393143,0.3849205640754032,197,2,1,0,4.59
4.5,3,170.851,1.1706106490450743,0.2601356997877943,200,0,0,1,6.87
4.5,7,147.891,1.352347336890007,0.3005216304200016,200,0,0,1,5.97
4.5,6,149.992,1.3334044482372394,0.2963120996082754,200,0,0,1,6.09
4.5,9,143.90552763819096,1.38285167544313,0.3073003723206955,199,1,0,0,5.7
4.5,11,132.3622448979592,1.4807847974405426,0.32906328832012055,196,3,1,0,5.71
4.5,8,161.25888324873097,1.2216381264165197,0.27147513920367106,197,1,2,0,6.96
4.5,14,113.07839195979899,1.7598410850301744,0.3910757966733721,199,1,0,0,4.38
4.5,17,111.50558375634517,1.7667276683692517,0.3926061485265004,197,3,0,0,4.14
4.5,12,169.603,1.179224424096272,0.26204987202139374,200,0,0,1,6.77
4.5,13,145.24343434343436,1.3632285748064898,0.30293968329033105,198,1,1,0,5.47
4.5,5,233.12261306532662,0.8536280431286833,0.18969512069526295,199,1,0,0,9.36
4.5,16,171.47,1.1663847903423339,0.2591966200760742,200,0,0,1,6.91
4.5,18,122.28629441624365,1.6109736658585994,0.35799414796857765,197,2,1,0,5.54
4.5,19,136.00603015075376,1.4631704181014735,0.3251489818003275,199,1,0,0,5.61
5.0,1,160.71088082901554,1.2009143314032216,0.2401828662806443,193,5,2,0,6.89
5.0,4,151.9671794871795,1.2831718049781329,0.2566343609956266,195,3,2,0,6.54
5.0,2,148.65,1.291624621594349,0.2583249243188698,192,6,2,0,6.74
5.0,6,97.42459770114942,1.785996597427542,0.3571993194855084,174,7,19,0,5.69
5.0,10,118.58526315789473,1.602222695639824,0.3204445391279648,190,5,5,0,5.07
5.0,7,128.92608695652171,1.4271743162580517,0.2854348632516103,184,5,11,0,5.92
5.0,9,118.67619047619047,1.59256881470187,0.318513762940374,189,7,4,0,5.5
5.0,3,172.20201005025126,1.155619495625682,0.2311238991251364,199,1,0,0,7.3
5.0,11,171.57664974619286,1.1481748844695068,0.22963497689390136,197,1,2,0,7.2
5.0,12,141.6020304568528,1.3912229885716745,0.2782445977143349,197,3,0,0,6.06
5.0,8,208.78201058201057,0.9052504067430651,0.18105008134861303,189,4,7,0,9.46
5.0,14,177.02722513089006,1.078930090322428,0.21578601806448558,191,6,3,0,7.17
5.0,16,120.72460732984294,1.582113242896298,0.3164226485792596,191,3,6,0,5.37
5.0,18,124.22826086956522,1.4811444570828594,0.2962288914165719,184,4,12,0,5.8
5.0,19,129.85888324873096,1.517031373376801,0.3034062746753602,197,3,0,0,5.8
5.0,5,309.27253886010357,0.6240450597759075,0.1248090119551815,193,5,2,0,13.51
5.5,2,153.41069518716577,1.218950215771164,0.22162731195839347,187,9,4,0,6.96
5.5,0,139.39306358381504,1.2410947543023014,0.22565359169132754,173,8,19,0,7.44
5.0,17,265.32615384615383,0.7349445095151396,0.1469889019030279,195,4,1,0,8.87
5.5,5,100.07235602094241,1.9086189992372011,0.34702163622494564,191,8,1,0,4.6
5.0,15,240.9422680412371,0.8051721334622659,0.1610344266924532,194,4,2,0,9.23
5.5,1,183.50851063829785,1.0244756460944475,0.18626829928989955,188,7,5,0,8.58
5.5,4,147.58526315789473,1.2873914097827484,0.23407116541504516,190,8,2,0,6.94
5.5,7,123.6659217877095,1.4474480714847173,0.26317237663358495,179,6,15,0,5.75
5.0,0,380.83750000000003,0.25207601667377816,0.05041520333475563,96,7,97,0,19.44
5.5,3,229.4314606741573,0.775830827546353,0.14106015046297327,178,8,14,0,9.15
5.5,10,101.0964640883978,1.790369244187762,0.3255216807614113,181,8,11,0,5.0
5.5,8,150.98306878306877,1.25179598959903,0.22759927083618728,189,4,7,0,7.18
5.5,6,131.96842105263158,1.151790699529393,0.20941649082352598,152,10,38,0,8.66
5.5,12,195.14224598930483,0.9582753291168378,0.17423187802124324,187,5,8,0,8.7
5.5,9,250.58983050847456,0.7063335317352958,0.12842427849732652,177,10,13,0,10.53
5.5,16,158.96666666666667,1.132312853847767,0.20587506433595762,180,6,14,0,7.98
5.5,19,147.71473684210525,1.2862629962445398,0.23386599931718904,190,8,2,0,6.37
5.5,18,230.50232558139535,0.7461963759635175,0.13567206835700318,172,8,20,0,7.37
6.0,1,136.1545945945946,1.3587495930698807,0.2264582655116468,185,13,2,0,6.16
5.5,17,222.43212435233158,0.8676804241382363,0.15776007711604298,193,5,2,0,9.57
6.0,0,177.55444444444447,1.0137735530259888,0.1689622588376648,180,13,7,0,8.0
4.5,15,137.59542857142856,0.050873783182165525,0.01130528515159234,7,5,188,0,32.18
6.0,7,110.9145945945946,1.6679500175445434,0.2779916695907572,185,9,6,0,5.08
6.0,6,136.8923076923077,1.3295122499438075,0.22158537499063458,182,15,3,0,6.12
6.0,2,250.24088397790055,0.7233030715156226,0.12055051191927042,181,13,6,0,10.32
6.0,4,159.85913978494625,1.1635243393040915,0.19392072321734857,186,11,3,0,7.07
6.0,5,135.42222222222222,1.262717426977355,0.2104529044962258,171,9,20,0,7.48
6.0,10,197.8022857142857,0.8847218290125206,0.14745363816875343,175,10,15,0,8.97
5.0,13,400.0,0.0375,0.0075,15,5,180,0,31.97
5.5,13,280.504375,0.2281604342178264,0.041483715312332074,64,9,127,0,22.09
6.0,12,175.12817679558015,1.033528717718987,0.17225478628649782,181,7,12,0,8.46
6.0,16,192.5141242937853,0.919413059427733,0.15323550990462217,177,11,12,0,8.05
6.0,15,135.08974358974362,1.154787890291354,0.19246464838189234,156,8,36,0,8.89
6.0,13,231.99893617021277,0.8103485434177523,0.1350580905696254,188,11,1,0,9.43
6.0,19,142.35409836065574,1.2855267400617256,0.21425445667695428,183,15,2,0,6.18
5.5,11,400.0,0.16,0.02909090909090909,64,6,130,0,28.54
6.0,3,197.42122448979592,0.24820026380969315,0.04136671063494886,49,8,143,0,24.58
5.5,15,400.0,0.06,0.010909090909090908,24,7,169,0,29.49
6.0,8,284.4397101449275,0.24258216254278692,0.04043036042379782,69,10,121,0,21.73
6.5,3,208.7049723756906,0.8672529357574731,0.13342352857807277,181,15,4,0,9.07
6.5,5,114.34971428571427,1.5303929799312388,0.2354450738355752,175,17,8,0,6.05
5.5,14,381.52880000000005,0.013105170566415955,0.002382758284802901,5,9,186,0,34.12
6.0,11,400.0,0.155,0.025833333333333333,62,10,128,0,24.57
6.5,10,103.66875,1.6977150780731898,0.261186935088183,176,12,12,0,5.59
6.0,9,382.1290909090909,0.028786083712786254,0.004797680618797709,11,16,173,0,32.53
6.5,4,400.0,0.23,0.03538461538461539,92,24,84,0,21.0
6.5,12,249.53283582089554,0.5370034751505799,0.08261591925393537,134,16,50,0,11.89
6.0,18,400.0,0.105,0.017499999999999998,42,12,146,0,26.52
6.5,1,134.0888,0.37288722100578126,0.05736726477012019,50,18,132,0,25.37
6.0,14,400.0,0.02,0.0033333333333333335,8,13,179,0,34.09
6.5,2,400.0,0.095,0.014615384615384615,38,19,143,0,26.78
6.0,17,304.20200000000006,0.01972373620160288,0.0032872893669338133,6,13,181,0,34.47
6.5,16,154.22619047619048,1.089309147047472,0.167586022622688,168,14,18,0,7.72
6.5,15,287.85945945945946,0.514139782927104,0.07909842814263139,148,13,39,0,13.45
6.5,6,400.0,0.0675,0.010384615384615384,27,24,149,0,29.18
7.0,2,212.0961038961039,0.7260859448669434,0.10372656355242049,154,24,22,0,8.12
6.5,0,73.5994,0.027174134571749223,0.004180636087961419,2,22,176,0,36.3
6.5,7,400.0,0.0625,0.009615384615384616,25,19,156,0,30.28
6.5,8,400.0,0.055,0.008461538461538461,22,18,160,0,30.92
7.0,1,173.61351351351348,0.8524682036832357,0.12178117195474795,148,22,30,0,11.19
6.5,9,400.0,0.0375,0.005769230769230769,15,18,167,0,31.89
6.5,11,400.0,0.0425,0.006538461538461539,17,15,168,0,32.55
7.0,10,162.97005988023952,1.02472810111699,0.14638972873099856,167,12,21,0,7.71
7.0,8,178.01818181818183,0.8650801756715351,0.12358288223879073,154,25,21,0,9.84
6.5,13,128.7102857142857,0.05438570787993412,0.008367031981528326,7,23,170,0,33.97
7.0,5,314.90578512396695,0.38424190890099624,0.05489170127157089,121,23,56,0,14.03
7.0,7,101.5581651376147,1.0732765785232667,0.1533252255033238,109,24,67,0,14.43
6.5,14,53.0662,0.056533160467491544,0.008697409302691007,3,19,178,0,36.1
6.5,18,400.0,0.085,0.013076923076923078,34,13,153,0,28.35
7.0,13,178.87746478873237,0.7938395156019937,0.11340564508599911,142,29,29,0,9.5
6.5,17,400.0,0.0275,0.004230769230769231,11,17,172,0,34.08
7.0,6,400.0,0.11,0.015714285714285715,44,29,127,0,25.65
6.5,19,118.0,0.01694915254237288,0.002607561929595828,2,18,180,0,36.17
7.0,0,365.85200000000003,0.008200037173501852,0.001171433881928836,3,35,162,0,36.42
7.0,4,400.0,0.06,0.008571428571428572,24,25,151,0,29.51
7.0,3,190.86466666666666,0.015717943254731973,0.0022454204649617103,3,19,178,0,35.19
7.0,16,400.0,0.2475,0.03535714285714286,99,27,74,0,20.93
7.0,9,400.0,0.0375,0.005357142857142857,15,26,159,0,31.8
7.0,12,241.3292857142857,0.11602404539144796,0.01657486362734971,28,28,144,0,29.16
7.5,0,261.98431372549015,0.389336287159836,0.0519115049546448,102,39,59,0,17.16
7.5,3,189.1944827586207,0.76640712713063,0.10218761695075067,145,26,29,0,11.39
7.5,1,350.19069767441863,0.24558048106679414,0.03274406414223922,86,34,80,0,17.25
7.0,11,400.0,0.0075,0.0010714285714285715,3,21,176,0,35.31
7.0,15,400.0,0.0325,0.004642857142857143,13,23,164,0,32.24
7.0,14,207.044,0.019319564923397925,0.0027599378461997037,4,27,169,0,35.09
7.0,18,223.27818181818185,0.049265897412929645,0.007037985344704235,11,21,168,0,34.27
7.0,17,50.266266666666674,0.059682172537181985,0.008526024648168855,3,23,174,0,36.48
7.0,19,394.31666666666666,0.0076080983980726154,0.0010868711997246594,3,21,176,0,35.56
7.5,7,151.71026315789476,0.5009549019165688,0.06679398692220917,76,36,88,0,20.26
7.5,2,305.5968421052632,0.06217341733346651,0.008289788977795535,19,38,143,0,29.87
7.5,9,400.0,0.23,0.03066666666666667,92,37,71,0,19.75
7.5,13,155.87576470588237,0.5453060657657983,0.07270747543543978,85,34,81,0,17.59
7.5,4,400.0,0.035,0.004666666666666667,14,35,151,0,31.69
7.5,5,371.21625,0.04310156142140868,0.0057468748561878245,16,22,162,0,31.54
7.5,12,150.70125000000002,0.530851602093546,0.0707802136124728,80,28,92,0,19.95
7.5,6,66.37475,0.12052776093318618,0.016070368124424823,8,39,153,0,34.35
7.5,15,218.1891304347826,0.4216525351958313,0.05622033802611084,92,26,82,0,17.73
7.5,8,400.0,0.0375,0.005,15,38,147,0,32.46
7.5,11,400.0,0.03,0.004,12,31,157,0,33.26
7.5,10,400.0,0.02,0.0026666666666666666,8,32,160,0,33.73
8.0,1,118.08048780487803,0.694441575609857,0.08680519695123212,82,39,79,0,17.34
8.0,3,214.37973333333332,0.3498465029032595,0.04373081286290744,75,45,80,0,19.23
7.5,14,170.9965,0.023392291655092354,0.0031189722206789805,4,30,166,0,35.18
8.0,5,182.81617647058823,0.371958331657483,0.046494791457185373,68,40,92,0,20.64
8.0,0,400.0,0.1125,0.0140625,45,43,112,0,26.93
7.5,16,146.869,0.05447031027650491,0.007262708036867321,8,30,162,0,32.88
8.0,9,246.4082644628099,0.49105495817597616,0.06138186977199702,121,37,42,0,13.71
7.5,18,400.0,0.0125,0.0016666666666666668,5,33,162,0,33.84
7.5,17,58.93280000000001,0.05090543805826296,0.006787391741101728,3,34,163,0,36.35
7.5,19,400.0,0.0075,0.001,3,35,162,0,34.69
8.0,4,224.6957142857143,0.06230648432483294,0.007788310540604118,14,39,147,0,31.36
8.0,2,400.0,0.02,0.0025,8,45,147,0,33.5
8.0,6,342.8728,0.07291333695761228,0.009114167119701535,25,45,130,0,29.41
8.0,7,149.2294117647059,0.1139185620245181,0.014239820253064762,17,39,144,0,30.47
8.0,13,400.0,0.2025,0.0253125,81,50,69,0,18.23
8.0,8,279.43771428571426,0.025050305102491534,0.003131288137811442,7,54,139,0,33.66
8.0,10,193.64199999999997,0.046477520372646436,0.0058096900465808045,9,44,147,0,32.21
8.0,12,184.055,0.1086631713346554,0.013582896416831925,20,41,139,0,28.02
8.0,11,118.79733333333334,0.050506184201665576,0.006313273025208197,6,47,147,0,32.81
8.0,16,400.0,0.05,0.00625,20,41,139,0,27.44
8.0,14,400.0,0.0125,0.0015625,5,34,161,0,31.42
8.0,15,305.5628571428571,0.022908543484155705,0.002863567935519463,7,37,156,0,30.28
8.0,18,320.4527272727273,0.034326435894671735,0.004290804486833967,11,44,145,0,28.02
8.0,17,86.92080000000001,0.05752363070749463,0.007190453838436829,5,40,155,0,30.3
8.0,19,400.0,0.0075,0.0009375,3,41,156,0,29.02
